year,year_end,state,state_abbr,sector,source,per_student_real_2023_24_aud
2014-15,2015,New South Wales,NSW,All,Australian Government,4816.0
2014-15,2015,New South Wales,NSW,All,State and territory government,13074.0
2014-15,2015,New South Wales,NSW,All,Total government,17890.0
2014-15,2015,New South Wales,NSW,Government,Australian Government,2647.0
2014-15,2015,New South Wales,NSW,Government,State and territory government,18311.0
2014-15,2015,New South Wales,NSW,Government,Total government,20959.0
2014-15,2015,New South Wales,NSW,Non-government,Australian Government,8906.0
2014-15,2015,New South Wales,NSW,Non-government,State and territory government,3195.0
2014-15,2015,New South Wales,NSW,Non-government,Total government,12101.0
2014-15,2015,Victoria,Vic,All,Australian Government,5044.0
2014-15,2015,Victoria,Vic,All,State and territory government,10562.0
2014-15,2015,Victoria,Vic,All,Total government,15606.0
2014-15,2015,Victoria,Vic,Government,Australian Government,2718.0
2014-15,2015,Victoria,Vic,Government,State and territory government,15344.0
2014-15,2015,Victoria,Vic,Government,Total government,18061.0
2014-15,2015,Victoria,Vic,Non-government,Australian Government,8998.0
2014-15,2015,Victoria,Vic,Non-government,State and territory government,2437.0
2014-15,2015,Victoria,Vic,Non-government,Total government,11435.0
2014-15,2015,Queensland,Qld,All,Australian Government,4910.0
2014-15,2015,Queensland,Qld,All,State and territory government,12656.0
2014-15,2015,Queensland,Qld,All,Total government,17566.0
2014-15,2015,Queensland,Qld,Government,Australian Government,2752.0
2014-15,2015,Queensland,Qld,Government,State and territory government,17271.0
2014-15,2015,Queensland,Qld,Government,Total government,20023.0
2014-15,2015,Queensland,Qld,Non-government,Australian Government,9237.0
2014-15,2015,Queensland,Qld,Non-government,State and territory government,3400.0
2014-15,2015,Queensland,Qld,Non-government,Total government,12637.0
2014-15,2015,South Australia,SA,All,Australian Government,5140.0
2014-15,2015,South Australia,SA,All,State and territory government,12068.0
2014-15,2015,South Australia,SA,All,Total government,17208.0
2014-15,2015,South Australia,SA,Government,Australian Government,2848.0
2014-15,2015,South Australia,SA,Government,State and territory government,17544.0
2014-15,2015,South Australia,SA,Government,Total government,20392.0
2014-15,2015,South Australia,SA,Non-government,Australian Government,9185.0
2014-15,2015,South Australia,SA,Non-government,State and territory government,2406.0
2014-15,2015,South Australia,SA,Non-government,Total government,11591.0
2014-15,2015,Western Australia,WA,All,Australian Government,4652.0
2014-15,2015,Western Australia,WA,All,State and territory government,15900.0
2014-15,2015,Western Australia,WA,All,Total government,20551.0
2014-15,2015,Western Australia,WA,Government,Australian Government,2441.0
2014-15,2015,Western Australia,WA,Government,State and territory government,21965.0
2014-15,2015,Western Australia,WA,Government,Total government,24407.0
2014-15,2015,Western Australia,WA,Non-government,Australian Government,8955.0
2014-15,2015,Western Australia,WA,Non-government,State and territory government,4092.0
2014-15,2015,Western Australia,WA,Non-government,Total government,13046.0
2014-15,2015,Tasmania,Tas,All,Australian Government,5454.0
2014-15,2015,Tasmania,Tas,All,State and territory government,13343.0
2014-15,2015,Tasmania,Tas,All,Total government,18797.0
2014-15,2015,Tasmania,Tas,Government,Australian Government,3491.0
2014-15,2015,Tasmania,Tas,Government,State and territory government,17755.0
2014-15,2015,Tasmania,Tas,Government,Total government,21246.0
2014-15,2015,Tasmania,Tas,Non-government,Australian Government,10065.0
2014-15,2015,Tasmania,Tas,Non-government,State and territory government,2982.0
2014-15,2015,Tasmania,Tas,Non-government,Total government,13047.0
2014-15,2015,Northern Territory,NT,All,Australian Government,9562.0
2014-15,2015,Northern Territory,NT,All,State and territory government,18144.0
2014-15,2015,Northern Territory,NT,All,Total government,27707.0
2014-15,2015,Northern Territory,NT,Government,Australian Government,7744.0
2014-15,2015,Northern Territory,NT,Government,State and territory government,22410.0
2014-15,2015,Northern Territory,NT,Government,Total government,30154.0
2014-15,2015,Northern Territory,NT,Non-government,Australian Government,14193.0
2014-15,2015,Northern Territory,NT,Non-government,State and territory government,7283.0
2014-15,2015,Northern Territory,NT,Non-government,Total government,21475.0
2014-15,2015,Australian Capital Territory,ACT,All,Australian Government,4822.0
2014-15,2015,Australian Capital Territory,ACT,All,State and territory government,14405.0
2014-15,2015,Australian Capital Territory,ACT,All,Total government,19227.0
2014-15,2015,Australian Capital Territory,ACT,Government,Australian Government,2561.0
2014-15,2015,Australian Capital Territory,ACT,Government,State and territory government,22819.0
2014-15,2015,Australian Capital Territory,ACT,Government,Total government,25380.0
2014-15,2015,Australian Capital Territory,ACT,Non-government,Australian Government,7970.0
2014-15,2015,Australian Capital Territory,ACT,Non-government,State and territory government,2689.0
2014-15,2015,Australian Capital Territory,ACT,Non-government,Total government,10659.0
2014-15,2015,Australia,Aust,All,Australian Government,4963.0
2014-15,2015,Australia,Aust,All,State and territory government,12689.0
2014-15,2015,Australia,Aust,All,Total government,17652.0
2014-15,2015,Australia,Aust,Government,Australian Government,2758.0
2014-15,2015,Australia,Aust,Government,State and territory government,17838.0
2014-15,2015,Australia,Aust,Government,Total government,20596.0
2014-15,2015,Australia,Aust,Non-government,Australian Government,9070.0
2014-15,2015,Australia,Aust,Non-government,State and territory government,3097.0
2014-15,2015,Australia,Aust,Non-government,Total government,12167.0
2015-16,2016,New South Wales,NSW,All,Australian Government,4971.0
2015-16,2016,New South Wales,NSW,All,State and territory government,13354.0
2015-16,2016,New South Wales,NSW,All,Total government,18325.0
2015-16,2016,New South Wales,NSW,Government,Australian Government,2783.0
2015-16,2016,New South Wales,NSW,Government,State and territory government,18714.0
2015-16,2016,New South Wales,NSW,Government,Total government,21497.0
2015-16,2016,New South Wales,NSW,Non-government,Australian Government,9099.0
2015-16,2016,New South Wales,NSW,Non-government,State and territory government,3245.0
2015-16,2016,New South Wales,NSW,Non-government,Total government,12344.0
2015-16,2016,Victoria,Vic,All,Australian Government,5213.0
2015-16,2016,Victoria,Vic,All,State and territory government,11110.0
2015-16,2016,Victoria,Vic,All,Total government,16322.0
2015-16,2016,Victoria,Vic,Government,Australian Government,2873.0
2015-16,2016,Victoria,Vic,Government,State and territory government,16220.0
2015-16,2016,Victoria,Vic,Government,Total government,19093.0
2015-16,2016,Victoria,Vic,Non-government,Australian Government,9223.0
2015-16,2016,Victoria,Vic,Non-government,State and territory government,2350.0
2015-16,2016,Victoria,Vic,Non-government,Total government,11573.0
2015-16,2016,Queensland,Qld,All,Australian Government,5137.0
2015-16,2016,Queensland,Qld,All,State and territory government,12862.0
2015-16,2016,Queensland,Qld,All,Total government,18000.0
2015-16,2016,Queensland,Qld,Government,Australian Government,2990.0
2015-16,2016,Queensland,Qld,Government,State and territory government,17580.0
2015-16,2016,Queensland,Qld,Government,Total government,20569.0
2015-16,2016,Queensland,Qld,Non-government,Australian Government,9466.0
2015-16,2016,Queensland,Qld,Non-government,State and territory government,3353.0
2015-16,2016,Queensland,Qld,Non-government,Total government,12820.0
2015-16,2016,South Australia,SA,All,Australian Government,5272.0
2015-16,2016,South Australia,SA,All,State and territory government,12281.0
2015-16,2016,South Australia,SA,All,Total government,17553.0
2015-16,2016,South Australia,SA,Government,Australian Government,2956.0
2015-16,2016,South Australia,SA,Government,State and territory government,17763.0
2015-16,2016,South Australia,SA,Government,Total government,20719.0
2015-16,2016,South Australia,SA,Non-government,Australian Government,9432.0
2015-16,2016,South Australia,SA,Non-government,State and territory government,2434.0
2015-16,2016,South Australia,SA,Non-government,Total government,11867.0
2015-16,2016,Western Australia,WA,All,Australian Government,4780.0
2015-16,2016,Western Australia,WA,All,State and territory government,15331.0
2015-16,2016,Western Australia,WA,All,Total government,20112.0
2015-16,2016,Western Australia,WA,Government,Australian Government,2558.0
2015-16,2016,Western Australia,WA,Government,State and territory government,21105.0
2015-16,2016,Western Australia,WA,Government,Total government,23663.0
2015-16,2016,Western Australia,WA,Non-government,Australian Government,9142.0
2015-16,2016,Western Australia,WA,Non-government,State and territory government,3999.0
2015-16,2016,Western Australia,WA,Non-government,Total government,13141.0
2015-16,2016,Tasmania,Tas,All,Australian Government,5638.0
2015-16,2016,Tasmania,Tas,All,State and territory government,13205.0
2015-16,2016,Tasmania,Tas,All,Total government,18842.0
2015-16,2016,Tasmania,Tas,Government,Australian Government,3594.0
2015-16,2016,Tasmania,Tas,Government,State and territory government,17527.0
2015-16,2016,Tasmania,Tas,Government,Total government,21122.0
2015-16,2016,Tasmania,Tas,Non-government,Australian Government,10410.0
2015-16,2016,Tasmania,Tas,Non-government,State and territory government,3107.0
2015-16,2016,Tasmania,Tas,Non-government,Total government,13518.0
2015-16,2016,Northern Territory,NT,All,Australian Government,9959.0
2015-16,2016,Northern Territory,NT,All,State and territory government,18102.0
2015-16,2016,Northern Territory,NT,All,Total government,28061.0
2015-16,2016,Northern Territory,NT,Government,Australian Government,7697.0
2015-16,2016,Northern Territory,NT,Government,State and territory government,22381.0
2015-16,2016,Northern Territory,NT,Government,Total government,30077.0
2015-16,2016,Northern Territory,NT,Non-government,Australian Government,15618.0
2015-16,2016,Northern Territory,NT,Non-government,State and territory government,7400.0
2015-16,2016,Northern Territory,NT,Non-government,Total government,23018.0
2015-16,2016,Australian Capital Territory,ACT,All,Australian Government,4843.0
2015-16,2016,Australian Capital Territory,ACT,All,State and territory government,14717.0
2015-16,2016,Australian Capital Territory,ACT,All,Total government,19560.0
2015-16,2016,Australian Capital Territory,ACT,Government,Australian Government,2538.0
2015-16,2016,Australian Capital Territory,ACT,Government,State and territory government,23023.0
2015-16,2016,Australian Capital Territory,ACT,Government,Total government,25561.0
2015-16,2016,Australian Capital Territory,ACT,Non-government,Australian Government,8172.0
2015-16,2016,Australian Capital Territory,ACT,Non-government,State and territory government,2724.0
2015-16,2016,Australian Capital Territory,ACT,Non-government,Total government,10896.0
2015-16,2016,Australia,Aust,All,Australian Government,5132.0
2015-16,2016,Australia,Aust,All,State and territory government,12910.0
2015-16,2016,Australia,Aust,All,Total government,18042.0
2015-16,2016,Australia,Aust,Government,Australian Government,2909.0
2015-16,2016,Australia,Aust,Government,State and territory government,18158.0
2015-16,2016,Australia,Aust,Government,Total government,21068.0
2015-16,2016,Australia,Aust,Non-government,Australian Government,9296.0
2015-16,2016,Australia,Aust,Non-government,State and territory government,3078.0
2015-16,2016,Australia,Aust,Non-government,Total government,12375.0
2016-17,2017,New South Wales,NSW,All,Australian Government,5238.0
2016-17,2017,New South Wales,NSW,All,State and territory government,12983.0
2016-17,2017,New South Wales,NSW,All,Total government,18221.0
2016-17,2017,New South Wales,NSW,Government,Australian Government,3151.0
2016-17,2017,New South Wales,NSW,Government,State and territory government,18087.0
2016-17,2017,New South Wales,NSW,Government,Total government,21238.0
2016-17,2017,New South Wales,NSW,Non-government,Australian Government,9186.0
2016-17,2017,New South Wales,NSW,Non-government,State and territory government,3330.0
2016-17,2017,New South Wales,NSW,Non-government,Total government,12515.0
2016-17,2017,Victoria,Vic,All,Australian Government,5642.0
2016-17,2017,Victoria,Vic,All,State and territory government,11302.0
2016-17,2017,Victoria,Vic,All,Total government,16943.0
2016-17,2017,Victoria,Vic,Government,Australian Government,3055.0
2016-17,2017,Victoria,Vic,Government,State and territory government,16431.0
2016-17,2017,Victoria,Vic,Government,Total government,19486.0
2016-17,2017,Victoria,Vic,Non-government,Australian Government,10118.0
2016-17,2017,Victoria,Vic,Non-government,State and territory government,2423.0
2016-17,2017,Victoria,Vic,Non-government,Total government,12542.0
2016-17,2017,Queensland,Qld,All,Australian Government,5544.0
2016-17,2017,Queensland,Qld,All,State and territory government,12927.0
2016-17,2017,Queensland,Qld,All,Total government,18471.0
2016-17,2017,Queensland,Qld,Government,Australian Government,3362.0
2016-17,2017,Queensland,Qld,Government,State and territory government,17669.0
2016-17,2017,Queensland,Qld,Government,Total government,21031.0
2016-17,2017,Queensland,Qld,Non-government,Australian Government,9987.0
2016-17,2017,Queensland,Qld,Non-government,State and territory government,3271.0
2016-17,2017,Queensland,Qld,Non-government,Total government,13258.0
2016-17,2017,South Australia,SA,All,Australian Government,5508.0
2016-17,2017,South Australia,SA,All,State and territory government,12505.0
2016-17,2017,South Australia,SA,All,Total government,18013.0
2016-17,2017,South Australia,SA,Government,Australian Government,3091.0
2016-17,2017,South Australia,SA,Government,State and territory government,17958.0
2016-17,2017,South Australia,SA,Government,Total government,21049.0
2016-17,2017,South Australia,SA,Non-government,Australian Government,9943.0
2016-17,2017,South Australia,SA,Non-government,State and territory government,2499.0
2016-17,2017,South Australia,SA,Non-government,Total government,12442.0
2016-17,2017,Western Australia,WA,All,Australian Government,4917.0
2016-17,2017,Western Australia,WA,All,State and territory government,15133.0
2016-17,2017,Western Australia,WA,All,Total government,20050.0
2016-17,2017,Western Australia,WA,Government,Australian Government,2675.0
2016-17,2017,Western Australia,WA,Government,State and territory government,20689.0
2016-17,2017,Western Australia,WA,Government,Total government,23364.0
2016-17,2017,Western Australia,WA,Non-government,Australian Government,9399.0
2016-17,2017,Western Australia,WA,Non-government,State and territory government,4028.0
2016-17,2017,Western Australia,WA,Non-government,Total government,13427.0
2016-17,2017,Tasmania,Tas,All,Australian Government,5985.0
2016-17,2017,Tasmania,Tas,All,State and territory government,13243.0
2016-17,2017,Tasmania,Tas,All,Total government,19228.0
2016-17,2017,Tasmania,Tas,Government,Australian Government,3822.0
2016-17,2017,Tasmania,Tas,Government,State and territory government,17499.0
2016-17,2017,Tasmania,Tas,Government,Total government,21320.0
2016-17,2017,Tasmania,Tas,Non-government,Australian Government,11019.0
2016-17,2017,Tasmania,Tas,Non-government,State and territory government,3339.0
2016-17,2017,Tasmania,Tas,Non-government,Total government,14357.0
2016-17,2017,Northern Territory,NT,All,Australian Government,10514.0
2016-17,2017,Northern Territory,NT,All,State and territory government,18052.0
2016-17,2017,Northern Territory,NT,All,Total government,28565.0
2016-17,2017,Northern Territory,NT,Government,Australian Government,9023.0
2016-17,2017,Northern Territory,NT,Government,State and territory government,21693.0
2016-17,2017,Northern Territory,NT,Government,Total government,30716.0
2016-17,2017,Northern Territory,NT,Non-government,Australian Government,14419.0
2016-17,2017,Northern Territory,NT,Non-government,State and territory government,8512.0
2016-17,2017,Northern Territory,NT,Non-government,Total government,22930.0
2016-17,2017,Australian Capital Territory,ACT,All,Australian Government,4874.0
2016-17,2017,Australian Capital Territory,ACT,All,State and territory government,14595.0
2016-17,2017,Australian Capital Territory,ACT,All,Total government,19469.0
2016-17,2017,Australian Capital Territory,ACT,Government,Australian Government,2605.0
2016-17,2017,Australian Capital Territory,ACT,Government,State and territory government,22456.0
2016-17,2017,Australian Capital Territory,ACT,Government,Total government,25060.0
2016-17,2017,Australian Capital Territory,ACT,Non-government,Australian Government,8269.0
2016-17,2017,Australian Capital Territory,ACT,Non-government,State and territory government,2833.0
2016-17,2017,Australian Capital Territory,ACT,Non-government,Total government,11103.0
2016-17,2017,Australia,Aust,All,Australian Government,5453.0
2016-17,2017,Australia,Aust,All,State and territory government,12843.0
2016-17,2017,Australia,Aust,All,Total government,18296.0
2016-17,2017,Australia,Aust,Government,Australian Government,3194.0
2016-17,2017,Australia,Aust,Government,State and territory government,17978.0
2016-17,2017,Australia,Aust,Government,Total government,21172.0
2016-17,2017,Australia,Aust,Non-government,Australian Government,9726.0
2016-17,2017,Australia,Aust,Non-government,State and territory government,3129.0
2016-17,2017,Australia,Aust,Non-government,Total government,12855.0
2017-18,2018,New South Wales,NSW,All,Australian Government,5635.0
2017-18,2018,New South Wales,NSW,All,State and territory government,13727.0
2017-18,2018,New South Wales,NSW,All,Total government,19362.0
2017-18,2018,New South Wales,NSW,Government,Australian Government,3413.0
2017-18,2018,New South Wales,NSW,Government,State and territory government,19164.0
2017-18,2018,New South Wales,NSW,Government,Total government,22577.0
2017-18,2018,New South Wales,NSW,Non-government,Australian Government,9847.0
2017-18,2018,New South Wales,NSW,Non-government,State and territory government,3416.0
2017-18,2018,New South Wales,NSW,Non-government,Total government,13264.0
2017-18,2018,Victoria,Vic,All,Australian Government,5653.0
2017-18,2018,Victoria,Vic,All,State and territory government,11711.0
2017-18,2018,Victoria,Vic,All,Total government,17363.0
2017-18,2018,Victoria,Vic,Government,Australian Government,3162.0
2017-18,2018,Victoria,Vic,Government,State and territory government,17003.0
2017-18,2018,Victoria,Vic,Government,Total government,20165.0
2017-18,2018,Victoria,Vic,Non-government,Australian Government,10009.0
2017-18,2018,Victoria,Vic,Non-government,State and territory government,2454.0
2017-18,2018,Victoria,Vic,Non-government,Total government,12463.0
2017-18,2018,Queensland,Qld,All,Australian Government,5781.0
2017-18,2018,Queensland,Qld,All,State and territory government,13269.0
2017-18,2018,Queensland,Qld,All,Total government,19050.0
2017-18,2018,Queensland,Qld,Government,Australian Government,3547.0
2017-18,2018,Queensland,Qld,Government,State and territory government,17965.0
2017-18,2018,Queensland,Qld,Government,Total government,21513.0
2017-18,2018,Queensland,Qld,Non-government,Australian Government,10363.0
2017-18,2018,Queensland,Qld,Non-government,State and territory government,3634.0
2017-18,2018,Queensland,Qld,Non-government,Total government,13998.0
2017-18,2018,South Australia,SA,All,Australian Government,5638.0
2017-18,2018,South Australia,SA,All,State and territory government,12758.0
2017-18,2018,South Australia,SA,All,Total government,18396.0
2017-18,2018,South Australia,SA,Government,Australian Government,3234.0
2017-18,2018,South Australia,SA,Government,State and territory government,18266.0
2017-18,2018,South Australia,SA,Government,Total government,21499.0
2017-18,2018,South Australia,SA,Non-government,Australian Government,10086.0
2017-18,2018,South Australia,SA,Non-government,State and territory government,2569.0
2017-18,2018,South Australia,SA,Non-government,Total government,12655.0
2017-18,2018,Western Australia,WA,All,Australian Government,5171.0
2017-18,2018,Western Australia,WA,All,State and territory government,14906.0
2017-18,2018,Western Australia,WA,All,Total government,20077.0
2017-18,2018,Western Australia,WA,Government,Australian Government,2845.0
2017-18,2018,Western Australia,WA,Government,State and territory government,20257.0
2017-18,2018,Western Australia,WA,Government,Total government,23102.0
2017-18,2018,Western Australia,WA,Non-government,Australian Government,9898.0
2017-18,2018,Western Australia,WA,Non-government,State and territory government,4030.0
2017-18,2018,Western Australia,WA,Non-government,Total government,13928.0
2017-18,2018,Tasmania,Tas,All,Australian Government,6301.0
2017-18,2018,Tasmania,Tas,All,State and territory government,13837.0
2017-18,2018,Tasmania,Tas,All,Total government,20138.0
2017-18,2018,Tasmania,Tas,Government,Australian Government,3964.0
2017-18,2018,Tasmania,Tas,Government,State and territory government,18217.0
2017-18,2018,Tasmania,Tas,Government,Total government,22180.0
2017-18,2018,Tasmania,Tas,Non-government,Australian Government,11754.0
2017-18,2018,Tasmania,Tas,Non-government,State and territory government,3619.0
2017-18,2018,Tasmania,Tas,Non-government,Total government,15373.0
2017-18,2018,Northern Territory,NT,All,Australian Government,11396.0
2017-18,2018,Northern Territory,NT,All,State and territory government,17899.0
2017-18,2018,Northern Territory,NT,All,Total government,29296.0
2017-18,2018,Northern Territory,NT,Government,Australian Government,9314.0
2017-18,2018,Northern Territory,NT,Government,State and territory government,21991.0
2017-18,2018,Northern Territory,NT,Government,Total government,31305.0
2017-18,2018,Northern Territory,NT,Non-government,Australian Government,17047.0
2017-18,2018,Northern Territory,NT,Non-government,State and territory government,6796.0
2017-18,2018,Northern Territory,NT,Non-government,Total government,23843.0
2017-18,2018,Australian Capital Territory,ACT,All,Australian Government,5204.0
2017-18,2018,Australian Capital Territory,ACT,All,State and territory government,14877.0
2017-18,2018,Australian Capital Territory,ACT,All,Total government,20081.0
2017-18,2018,Australian Capital Territory,ACT,Government,Australian Government,2702.0
2017-18,2018,Australian Capital Territory,ACT,Government,State and territory government,22654.0
2017-18,2018,Australian Capital Territory,ACT,Government,Total government,25355.0
2017-18,2018,Australian Capital Territory,ACT,Non-government,Australian Government,9056.0
2017-18,2018,Australian Capital Territory,ACT,Non-government,State and territory government,2907.0
2017-18,2018,Australian Capital Territory,ACT,Non-government,Total government,11963.0
2017-18,2018,Australia,Aust,All,Australian Government,5688.0
2017-18,2018,Australia,Aust,All,State and territory government,13256.0
2017-18,2018,Australia,Aust,All,Total government,18943.0
2017-18,2018,Australia,Aust,Government,Australian Government,3377.0
2017-18,2018,Australia,Aust,Government,State and territory government,18513.0
2017-18,2018,Australia,Aust,Government,Total government,21890.0
2017-18,2018,Australia,Aust,Non-government,Australian Government,10094.0
2017-18,2018,Australia,Aust,Non-government,State and territory government,3231.0
2017-18,2018,Australia,Aust,Non-government,Total government,13325.0
2018-19,2019,New South Wales,NSW,All,Australian Government,5817.0
2018-19,2019,New South Wales,NSW,All,State and territory government,14401.0
2018-19,2019,New South Wales,NSW,All,Total government,20218.0
2018-19,2019,New South Wales,NSW,Government,Australian Government,3523.0
2018-19,2019,New South Wales,NSW,Government,State and territory government,20185.0
2018-19,2019,New South Wales,NSW,Government,Total government,23707.0
2018-19,2019,New South Wales,NSW,Non-government,Australian Government,10162.0
2018-19,2019,New South Wales,NSW,Non-government,State and territory government,3447.0
2018-19,2019,New South Wales,NSW,Non-government,Total government,13609.0
2018-19,2019,Victoria,Vic,All,Australian Government,5807.0
2018-19,2019,Victoria,Vic,All,State and territory government,12103.0
2018-19,2019,Victoria,Vic,All,Total government,17910.0
2018-19,2019,Victoria,Vic,Government,Australian Government,3294.0
2018-19,2019,Victoria,Vic,Government,State and territory government,17557.0
2018-19,2019,Victoria,Vic,Government,Total government,20851.0
2018-19,2019,Victoria,Vic,Non-government,Australian Government,10248.0
2018-19,2019,Victoria,Vic,Non-government,State and territory government,2464.0
2018-19,2019,Victoria,Vic,Non-government,Total government,12712.0
2018-19,2019,Queensland,Qld,All,Australian Government,5987.0
2018-19,2019,Queensland,Qld,All,State and territory government,13319.0
2018-19,2019,Queensland,Qld,All,Total government,19306.0
2018-19,2019,Queensland,Qld,Government,Australian Government,3650.0
2018-19,2019,Queensland,Qld,Government,State and territory government,18107.0
2018-19,2019,Queensland,Qld,Government,Total government,21757.0
2018-19,2019,Queensland,Qld,Non-government,Australian Government,10784.0
2018-19,2019,Queensland,Qld,Non-government,State and territory government,3493.0
2018-19,2019,Queensland,Qld,Non-government,Total government,14277.0
2018-19,2019,South Australia,SA,All,Australian Government,6006.0
2018-19,2019,South Australia,SA,All,State and territory government,13109.0
2018-19,2019,South Australia,SA,All,Total government,19115.0
2018-19,2019,South Australia,SA,Government,Australian Government,3472.0
2018-19,2019,South Australia,SA,Government,State and territory government,18563.0
2018-19,2019,South Australia,SA,Government,Total government,22035.0
2018-19,2019,South Australia,SA,Non-government,Australian Government,10694.0
2018-19,2019,South Australia,SA,Non-government,State and territory government,3019.0
2018-19,2019,South Australia,SA,Non-government,Total government,13713.0
2018-19,2019,Western Australia,WA,All,Australian Government,5424.0
2018-19,2019,Western Australia,WA,All,State and territory government,14358.0
2018-19,2019,Western Australia,WA,All,Total government,19782.0
2018-19,2019,Western Australia,WA,Government,Australian Government,3055.0
2018-19,2019,Western Australia,WA,Government,State and territory government,19318.0
2018-19,2019,Western Australia,WA,Government,Total government,22373.0
2018-19,2019,Western Australia,WA,Non-government,Australian Government,10283.0
2018-19,2019,Western Australia,WA,Non-government,State and territory government,4185.0
2018-19,2019,Western Australia,WA,Non-government,Total government,14468.0
2018-19,2019,Tasmania,Tas,All,Australian Government,6555.0
2018-19,2019,Tasmania,Tas,All,State and territory government,14095.0
2018-19,2019,Tasmania,Tas,All,Total government,20650.0
2018-19,2019,Tasmania,Tas,Government,Australian Government,4109.0
2018-19,2019,Tasmania,Tas,Government,State and territory government,18533.0
2018-19,2019,Tasmania,Tas,Government,Total government,22642.0
2018-19,2019,Tasmania,Tas,Non-government,Australian Government,12238.0
2018-19,2019,Tasmania,Tas,Non-government,State and territory government,3783.0
2018-19,2019,Tasmania,Tas,Non-government,Total government,16021.0
2018-19,2019,Northern Territory,NT,All,Australian Government,11126.0
2018-19,2019,Northern Territory,NT,All,State and territory government,18201.0
2018-19,2019,Northern Territory,NT,All,Total government,29327.0
2018-19,2019,Northern Territory,NT,Government,Australian Government,8564.0
2018-19,2019,Northern Territory,NT,Government,State and territory government,22289.0
2018-19,2019,Northern Territory,NT,Government,Total government,30853.0
2018-19,2019,Northern Territory,NT,Non-government,Australian Government,18170.0
2018-19,2019,Northern Territory,NT,Non-government,State and territory government,6961.0
2018-19,2019,Northern Territory,NT,Non-government,Total government,25131.0
2018-19,2019,Australian Capital Territory,ACT,All,Australian Government,5414.0
2018-19,2019,Australian Capital Territory,ACT,All,State and territory government,15080.0
2018-19,2019,Australian Capital Territory,ACT,All,Total government,20494.0
2018-19,2019,Australian Capital Territory,ACT,Government,Australian Government,2859.0
2018-19,2019,Australian Capital Territory,ACT,Government,State and territory government,22822.0
2018-19,2019,Australian Capital Territory,ACT,Government,Total government,25681.0
2018-19,2019,Australian Capital Territory,ACT,Non-government,Australian Government,9411.0
2018-19,2019,Australian Capital Territory,ACT,Non-government,State and territory government,2969.0
2018-19,2019,Australian Capital Territory,ACT,Non-government,Total government,12380.0
2018-19,2019,Australia,Aust,All,Australian Government,5884.0
2018-19,2019,Australia,Aust,All,State and territory government,13549.0
2018-19,2019,Australia,Aust,All,Total government,19433.0
2018-19,2019,Australia,Aust,Government,Australian Government,3500.0
2018-19,2019,Australia,Aust,Government,State and territory government,18923.0
2018-19,2019,Australia,Aust,Government,Total government,22422.0
2018-19,2019,Australia,Aust,Non-government,Australian Government,10446.0
2018-19,2019,Australia,Aust,Non-government,State and territory government,3267.0
2018-19,2019,Australia,Aust,Non-government,Total government,13714.0
2019-20,2020,New South Wales,NSW,All,Australian Government,6381.0
2019-20,2020,New South Wales,NSW,All,State and territory government,14463.0
2019-20,2020,New South Wales,NSW,All,Total government,20844.0
2019-20,2020,New South Wales,NSW,Government,Australian Government,3730.0
2019-20,2020,New South Wales,NSW,Government,State and territory government,20344.0
2019-20,2020,New South Wales,NSW,Government,Total government,24074.0
2019-20,2020,New South Wales,NSW,Non-government,Australian Government,11378.0
2019-20,2020,New South Wales,NSW,Non-government,State and territory government,3380.0
2019-20,2020,New South Wales,NSW,Non-government,Total government,14758.0
2019-20,2020,Victoria,Vic,All,Australian Government,6192.0
2019-20,2020,Victoria,Vic,All,State and territory government,12260.0
2019-20,2020,Victoria,Vic,All,Total government,18453.0
2019-20,2020,Victoria,Vic,Government,Australian Government,3508.0
2019-20,2020,Victoria,Vic,Government,State and territory government,17753.0
2019-20,2020,Victoria,Vic,Government,Total government,21261.0
2019-20,2020,Victoria,Vic,Non-government,Australian Government,10959.0
2019-20,2020,Victoria,Vic,Non-government,State and territory government,2505.0
2019-20,2020,Victoria,Vic,Non-government,Total government,13464.0
2019-20,2020,Queensland,Qld,All,Australian Government,6402.0
2019-20,2020,Queensland,Qld,All,State and territory government,13852.0
2019-20,2020,Queensland,Qld,All,Total government,20253.0
2019-20,2020,Queensland,Qld,Government,Australian Government,3784.0
2019-20,2020,Queensland,Qld,Government,State and territory government,18917.0
2019-20,2020,Queensland,Qld,Government,Total government,22701.0
2019-20,2020,Queensland,Qld,Non-government,Australian Government,11719.0
2019-20,2020,Queensland,Qld,Non-government,State and territory government,3562.0
2019-20,2020,Queensland,Qld,Non-government,Total government,15281.0
2019-20,2020,South Australia,SA,All,Australian Government,7185.0
2019-20,2020,South Australia,SA,All,State and territory government,14061.0
2019-20,2020,South Australia,SA,All,Total government,21246.0
2019-20,2020,South Australia,SA,Government,Australian Government,3729.0
2019-20,2020,South Australia,SA,Government,State and territory government,18834.0
2019-20,2020,South Australia,SA,Government,Total government,22563.0
2019-20,2020,South Australia,SA,Non-government,Australian Government,13538.0
2019-20,2020,South Australia,SA,Non-government,State and territory government,5288.0
2019-20,2020,South Australia,SA,Non-government,Total government,18826.0
2019-20,2020,Western Australia,WA,All,Australian Government,6141.0
2019-20,2020,Western Australia,WA,All,State and territory government,14526.0
2019-20,2020,Western Australia,WA,All,Total government,20667.0
2019-20,2020,Western Australia,WA,Government,Australian Government,3308.0
2019-20,2020,Western Australia,WA,Government,State and territory government,19647.0
2019-20,2020,Western Australia,WA,Government,Total government,22955.0
2019-20,2020,Western Australia,WA,Non-government,Australian Government,11994.0
2019-20,2020,Western Australia,WA,Non-government,State and territory government,3945.0
2019-20,2020,Western Australia,WA,Non-government,Total government,15939.0
2019-20,2020,Tasmania,Tas,All,Australian Government,6912.0
2019-20,2020,Tasmania,Tas,All,State and territory government,14713.0
2019-20,2020,Tasmania,Tas,All,Total government,21625.0
2019-20,2020,Tasmania,Tas,Government,Australian Government,4233.0
2019-20,2020,Tasmania,Tas,Government,State and territory government,19466.0
2019-20,2020,Tasmania,Tas,Government,Total government,23699.0
2019-20,2020,Tasmania,Tas,Non-government,Australian Government,13044.0
2019-20,2020,Tasmania,Tas,Non-government,State and territory government,3835.0
2019-20,2020,Tasmania,Tas,Non-government,Total government,16878.0
2019-20,2020,Northern Territory,NT,All,Australian Government,12275.0
2019-20,2020,Northern Territory,NT,All,State and territory government,19121.0
2019-20,2020,Northern Territory,NT,All,Total government,31396.0
2019-20,2020,Northern Territory,NT,Government,Australian Government,8766.0
2019-20,2020,Northern Territory,NT,Government,State and territory government,23394.0
2019-20,2020,Northern Territory,NT,Government,Total government,32161.0
2019-20,2020,Northern Territory,NT,Non-government,Australian Government,22281.0
2019-20,2020,Northern Territory,NT,Non-government,State and territory government,6934.0
2019-20,2020,Northern Territory,NT,Non-government,Total government,29215.0
2019-20,2020,Australian Capital Territory,ACT,All,Australian Government,5566.0
2019-20,2020,Australian Capital Territory,ACT,All,State and territory government,15429.0
2019-20,2020,Australian Capital Territory,ACT,All,Total government,20995.0
2019-20,2020,Australian Capital Territory,ACT,Government,Australian Government,3009.0
2019-20,2020,Australian Capital Territory,ACT,Government,State and territory government,23368.0
2019-20,2020,Australian Capital Territory,ACT,Government,Total government,26376.0
2019-20,2020,Australian Capital Territory,ACT,Non-government,Australian Government,9612.0
2019-20,2020,Australian Capital Territory,ACT,Non-government,State and territory government,2867.0
2019-20,2020,Australian Capital Territory,ACT,Non-government,Total government,12479.0
2019-20,2020,Australia,Aust,All,Australian Government,6424.0
2019-20,2020,Australia,Aust,All,State and territory government,13830.0
2019-20,2020,Australia,Aust,All,Total government,20253.0
2019-20,2020,Australia,Aust,Government,Australian Government,3698.0
2019-20,2020,Australia,Aust,Government,State and territory government,19289.0
2019-20,2020,Australia,Aust,Government,Total government,22987.0
2019-20,2020,Australia,Aust,Non-government,Australian Government,11630.0
2019-20,2020,Australia,Aust,Non-government,State and territory government,3404.0
2019-20,2020,Australia,Aust,Non-government,Total government,15033.0
2020-21,2021,New South Wales,NSW,All,Australian Government,6130.0
2020-21,2021,New South Wales,NSW,All,State and territory government,14781.0
2020-21,2021,New South Wales,NSW,All,Total government,20912.0
2020-21,2021,New South Wales,NSW,Government,Australian Government,3941.0
2020-21,2021,New South Wales,NSW,Government,State and territory government,20775.0
2020-21,2021,New South Wales,NSW,Government,Total government,24716.0
2020-21,2021,New South Wales,NSW,Non-government,Australian Government,10176.0
2020-21,2021,New South Wales,NSW,Non-government,State and territory government,3705.0
2020-21,2021,New South Wales,NSW,Non-government,Total government,13881.0
2020-21,2021,Victoria,Vic,All,Australian Government,6317.0
2020-21,2021,Victoria,Vic,All,State and territory government,13044.0
2020-21,2021,Victoria,Vic,All,Total government,19362.0
2020-21,2021,Victoria,Vic,Government,Australian Government,3670.0
2020-21,2021,Victoria,Vic,Government,State and territory government,18931.0
2020-21,2021,Victoria,Vic,Government,Total government,22601.0
2020-21,2021,Victoria,Vic,Non-government,Australian Government,11003.0
2020-21,2021,Victoria,Vic,Non-government,State and territory government,2623.0
2020-21,2021,Victoria,Vic,Non-government,Total government,13626.0
2020-21,2021,Queensland,Qld,All,Australian Government,6488.0
2020-21,2021,Queensland,Qld,All,State and territory government,13429.0
2020-21,2021,Queensland,Qld,All,Total government,19916.0
2020-21,2021,Queensland,Qld,Government,Australian Government,4061.0
2020-21,2021,Queensland,Qld,Government,State and territory government,18355.0
2020-21,2021,Queensland,Qld,Government,Total government,22416.0
2020-21,2021,Queensland,Qld,Non-government,Australian Government,11319.0
2020-21,2021,Queensland,Qld,Non-government,State and territory government,3622.0
2020-21,2021,Queensland,Qld,Non-government,Total government,14941.0
2020-21,2021,South Australia,SA,All,Australian Government,5844.0
2020-21,2021,South Australia,SA,All,State and territory government,13601.0
2020-21,2021,South Australia,SA,All,Total government,19445.0
2020-21,2021,South Australia,SA,Government,Australian Government,3956.0
2020-21,2021,South Australia,SA,Government,State and territory government,19282.0
2020-21,2021,South Australia,SA,Government,Total government,23238.0
2020-21,2021,South Australia,SA,Non-government,Australian Government,9201.0
2020-21,2021,South Australia,SA,Non-government,State and territory government,3494.0
2020-21,2021,South Australia,SA,Non-government,Total government,12695.0
2020-21,2021,Western Australia,WA,All,Australian Government,5731.0
2020-21,2021,Western Australia,WA,All,State and territory government,14784.0
2020-21,2021,Western Australia,WA,All,Total government,20515.0
2020-21,2021,Western Australia,WA,Government,Australian Government,3602.0
2020-21,2021,Western Australia,WA,Government,State and territory government,20102.0
2020-21,2021,Western Australia,WA,Government,Total government,23705.0
2020-21,2021,Western Australia,WA,Non-government,Australian Government,10104.0
2020-21,2021,Western Australia,WA,Non-government,State and territory government,3859.0
2020-21,2021,Western Australia,WA,Non-government,Total government,13963.0
2020-21,2021,Tasmania,Tas,All,Australian Government,7238.0
2020-21,2021,Tasmania,Tas,All,State and territory government,15054.0
2020-21,2021,Tasmania,Tas,All,Total government,22291.0
2020-21,2021,Tasmania,Tas,Government,Australian Government,4461.0
2020-21,2021,Tasmania,Tas,Government,State and territory government,20070.0
2020-21,2021,Tasmania,Tas,Government,Total government,24531.0
2020-21,2021,Tasmania,Tas,Non-government,Australian Government,13408.0
2020-21,2021,Tasmania,Tas,Non-government,State and territory government,3905.0
2020-21,2021,Tasmania,Tas,Non-government,Total government,17313.0
2020-21,2021,Northern Territory,NT,All,Australian Government,10975.0
2020-21,2021,Northern Territory,NT,All,State and territory government,19068.0
2020-21,2021,Northern Territory,NT,All,Total government,30043.0
2020-21,2021,Northern Territory,NT,Government,Australian Government,9199.0
2020-21,2021,Northern Territory,NT,Government,State and territory government,23161.0
2020-21,2021,Northern Territory,NT,Government,Total government,32360.0
2020-21,2021,Northern Territory,NT,Non-government,Australian Government,16110.0
2020-21,2021,Northern Territory,NT,Non-government,State and territory government,7229.0
2020-21,2021,Northern Territory,NT,Non-government,Total government,23340.0
2020-21,2021,Australian Capital Territory,ACT,All,Australian Government,5441.0
2020-21,2021,Australian Capital Territory,ACT,All,State and territory government,15716.0
2020-21,2021,Australian Capital Territory,ACT,All,Total government,21157.0
2020-21,2021,Australian Capital Territory,ACT,Government,Australian Government,3230.0
2020-21,2021,Australian Capital Territory,ACT,Government,State and territory government,23857.0
2020-21,2021,Australian Capital Territory,ACT,Government,Total government,27087.0
2020-21,2021,Australian Capital Territory,ACT,Non-government,Australian Government,8949.0
2020-21,2021,Australian Capital Territory,ACT,Non-government,State and territory government,2796.0
2020-21,2021,Australian Capital Territory,ACT,Non-government,Total government,11745.0
2020-21,2021,Australia,Aust,All,Australian Government,6250.0
2020-21,2021,Australia,Aust,All,State and territory government,14041.0
2020-21,2021,Australia,Aust,All,Total government,20291.0
2020-21,2021,Australia,Aust,Government,Australian Government,3923.0
2020-21,2021,Australia,Aust,Government,State and territory government,19685.0
2020-21,2021,Australia,Aust,Government,Total government,23608.0
2020-21,2021,Australia,Aust,Non-government,Australian Government,10630.0
2020-21,2021,Australia,Aust,Non-government,State and territory government,3417.0
2020-21,2021,Australia,Aust,Non-government,Total government,14047.0
2021-22,2022,New South Wales,NSW,All,Australian Government,6756.0
2021-22,2022,New South Wales,NSW,All,State and territory government,15313.0
2021-22,2022,New South Wales,NSW,All,Total government,22070.0
2021-22,2022,New South Wales,NSW,Government,Australian Government,4077.0
2021-22,2022,New South Wales,NSW,Government,State and territory government,21725.0
2021-22,2022,New South Wales,NSW,Government,Total government,25803.0
2021-22,2022,New South Wales,NSW,Non-government,Australian Government,11542.0
2021-22,2022,New South Wales,NSW,Non-government,State and territory government,3860.0
2021-22,2022,New South Wales,NSW,Non-government,Total government,15401.0
2021-22,2022,Victoria,Vic,All,Australian Government,6712.0
2021-22,2022,Victoria,Vic,All,State and territory government,13721.0
2021-22,2022,Victoria,Vic,All,Total government,20433.0
2021-22,2022,Victoria,Vic,Government,Australian Government,3906.0
2021-22,2022,Victoria,Vic,Government,State and territory government,19998.0
2021-22,2022,Victoria,Vic,Government,Total government,23904.0
2021-22,2022,Victoria,Vic,Non-government,Australian Government,11632.0
2021-22,2022,Victoria,Vic,Non-government,State and territory government,2714.0
2021-22,2022,Victoria,Vic,Non-government,Total government,14346.0
2021-22,2022,Queensland,Qld,All,Australian Government,6921.0
2021-22,2022,Queensland,Qld,All,State and territory government,14192.0
2021-22,2022,Queensland,Qld,All,Total government,21113.0
2021-22,2022,Queensland,Qld,Government,Australian Government,4163.0
2021-22,2022,Queensland,Qld,Government,State and territory government,19561.0
2021-22,2022,Queensland,Qld,Government,Total government,23725.0
2021-22,2022,Queensland,Qld,Non-government,Australian Government,12255.0
2021-22,2022,Queensland,Qld,Non-government,State and territory government,3804.0
2021-22,2022,Queensland,Qld,Non-government,Total government,16059.0
2021-22,2022,South Australia,SA,All,Australian Government,7159.0
2021-22,2022,South Australia,SA,All,State and territory government,13634.0
2021-22,2022,South Australia,SA,All,Total government,20793.0
2021-22,2022,South Australia,SA,Government,Australian Government,4145.0
2021-22,2022,South Australia,SA,Government,State and territory government,19482.0
2021-22,2022,South Australia,SA,Government,Total government,23627.0
2021-22,2022,South Australia,SA,Non-government,Australian Government,12289.0
2021-22,2022,South Australia,SA,Non-government,State and territory government,3680.0
2021-22,2022,South Australia,SA,Non-government,Total government,15969.0
2021-22,2022,Western Australia,WA,All,Australian Government,6453.0
2021-22,2022,Western Australia,WA,All,State and territory government,14715.0
2021-22,2022,Western Australia,WA,All,Total government,21168.0
2021-22,2022,Western Australia,WA,Government,Australian Government,3841.0
2021-22,2022,Western Australia,WA,Government,State and territory government,20192.0
2021-22,2022,Western Australia,WA,Government,Total government,24033.0
2021-22,2022,Western Australia,WA,Non-government,Australian Government,11711.0
2021-22,2022,Western Australia,WA,Non-government,State and territory government,3692.0
2021-22,2022,Western Australia,WA,Non-government,Total government,15403.0
2021-22,2022,Tasmania,Tas,All,Australian Government,7632.0
2021-22,2022,Tasmania,Tas,All,State and territory government,16057.0
2021-22,2022,Tasmania,Tas,All,Total government,23689.0
2021-22,2022,Tasmania,Tas,Government,Australian Government,4516.0
2021-22,2022,Tasmania,Tas,Government,State and territory government,21720.0
2021-22,2022,Tasmania,Tas,Government,Total government,26237.0
2021-22,2022,Tasmania,Tas,Non-government,Australian Government,14314.0
2021-22,2022,Tasmania,Tas,Non-government,State and territory government,3912.0
2021-22,2022,Tasmania,Tas,Non-government,Total government,18226.0
2021-22,2022,Northern Territory,NT,All,Australian Government,12242.0
2021-22,2022,Northern Territory,NT,All,State and territory government,19402.0
2021-22,2022,Northern Territory,NT,All,Total government,31645.0
2021-22,2022,Northern Territory,NT,Government,Australian Government,9192.0
2021-22,2022,Northern Territory,NT,Government,State and territory government,24045.0
2021-22,2022,Northern Territory,NT,Government,Total government,33237.0
2021-22,2022,Northern Territory,NT,Non-government,Australian Government,20814.0
2021-22,2022,Northern Territory,NT,Non-government,State and territory government,6355.0
2021-22,2022,Northern Territory,NT,Non-government,Total government,27169.0
2021-22,2022,Australian Capital Territory,ACT,All,Australian Government,5646.0
2021-22,2022,Australian Capital Territory,ACT,All,State and territory government,15609.0
2021-22,2022,Australian Capital Territory,ACT,All,Total government,21255.0
2021-22,2022,Australian Capital Territory,ACT,Government,Australian Government,3414.0
2021-22,2022,Australian Capital Territory,ACT,Government,State and territory government,23906.0
2021-22,2022,Australian Capital Territory,ACT,Government,Total government,27320.0
2021-22,2022,Australian Capital Territory,ACT,Non-government,Australian Government,9148.0
2021-22,2022,Australian Capital Territory,ACT,Non-government,State and territory government,2589.0
2021-22,2022,Australian Capital Territory,ACT,Non-government,Total government,11738.0
2021-22,2022,Australia,Aust,All,Australian Government,6827.0
2021-22,2022,Australia,Aust,All,State and territory government,14554.0
2021-22,2022,Australia,Aust,All,Total government,21381.0
2021-22,2022,Australia,Aust,Government,Australian Government,4088.0
2021-22,2022,Australia,Aust,Government,State and territory government,20569.0
2021-22,2022,Australia,Aust,Government,Total government,24657.0
2021-22,2022,Australia,Aust,Non-government,Australian Government,11854.0
2021-22,2022,Australia,Aust,Non-government,State and territory government,3515.0
2021-22,2022,Australia,Aust,Non-government,Total government,15369.0
2022-23,2023,New South Wales,NSW,All,Australian Government,6858.0
2022-23,2023,New South Wales,NSW,All,State and territory government,16424.0
2022-23,2023,New South Wales,NSW,All,Total government,23282.0
2022-23,2023,New South Wales,NSW,Government,Australian Government,4114.0
2022-23,2023,New South Wales,NSW,Government,State and territory government,23845.0
2022-23,2023,New South Wales,NSW,Government,Total government,27959.0
2022-23,2023,New South Wales,NSW,Non-government,Australian Government,11596.0
2022-23,2023,New South Wales,NSW,Non-government,State and territory government,3612.0
2022-23,2023,New South Wales,NSW,Non-government,Total government,15209.0
2022-23,2023,Victoria,Vic,All,Australian Government,6870.0
2022-23,2023,Victoria,Vic,All,State and territory government,14029.0
2022-23,2023,Victoria,Vic,All,Total government,20899.0
2022-23,2023,Victoria,Vic,Government,Australian Government,3999.0
2022-23,2023,Victoria,Vic,Government,State and territory government,20553.0
2022-23,2023,Victoria,Vic,Government,Total government,24552.0
2022-23,2023,Victoria,Vic,Non-government,Australian Government,11861.0
2022-23,2023,Victoria,Vic,Non-government,State and territory government,2692.0
2022-23,2023,Victoria,Vic,Non-government,Total government,14553.0
2022-23,2023,Queensland,Qld,All,Australian Government,7098.0
2022-23,2023,Queensland,Qld,All,State and territory government,15204.0
2022-23,2023,Queensland,Qld,All,Total government,22302.0
2022-23,2023,Queensland,Qld,Government,Australian Government,4248.0
2022-23,2023,Queensland,Qld,Government,State and territory government,21352.0
2022-23,2023,Queensland,Qld,Government,Total government,25600.0
2022-23,2023,Queensland,Qld,Non-government,Australian Government,12447.0
2022-23,2023,Queensland,Qld,Non-government,State and territory government,3665.0
2022-23,2023,Queensland,Qld,Non-government,Total government,16112.0
2022-23,2023,South Australia,SA,All,Australian Government,7506.0
2022-23,2023,South Australia,SA,All,State and territory government,12746.0
2022-23,2023,South Australia,SA,All,Total government,20252.0
2022-23,2023,South Australia,SA,Government,Australian Government,4312.0
2022-23,2023,South Australia,SA,Government,State and territory government,19704.0
2022-23,2023,South Australia,SA,Government,Total government,24017.0
2022-23,2023,South Australia,SA,Non-government,Australian Government,12784.0
2022-23,2023,South Australia,SA,Non-government,State and territory government,1246.0
2022-23,2023,South Australia,SA,Non-government,Total government,14030.0
2022-23,2023,Western Australia,WA,All,Australian Government,6664.0
2022-23,2023,Western Australia,WA,All,State and territory government,15087.0
2022-23,2023,Western Australia,WA,All,Total government,21751.0
2022-23,2023,Western Australia,WA,Government,Australian Government,3988.0
2022-23,2023,Western Australia,WA,Government,State and territory government,20911.0
2022-23,2023,Western Australia,WA,Government,Total government,24899.0
2022-23,2023,Western Australia,WA,Non-government,Australian Government,11967.0
2022-23,2023,Western Australia,WA,Non-government,State and territory government,3543.0
2022-23,2023,Western Australia,WA,Non-government,Total government,15510.0
2022-23,2023,Tasmania,Tas,All,Australian Government,7805.0
2022-23,2023,Tasmania,Tas,All,State and territory government,16371.0
2022-23,2023,Tasmania,Tas,All,Total government,24176.0
2022-23,2023,Tasmania,Tas,Government,Australian Government,4564.0
2022-23,2023,Tasmania,Tas,Government,State and territory government,22474.0
2022-23,2023,Tasmania,Tas,Government,Total government,27038.0
2022-23,2023,Tasmania,Tas,Non-government,Australian Government,14515.0
2022-23,2023,Tasmania,Tas,Non-government,State and territory government,3736.0
2022-23,2023,Tasmania,Tas,Non-government,Total government,18251.0
2022-23,2023,Northern Territory,NT,All,Australian Government,12141.0
2022-23,2023,Northern Territory,NT,All,State and territory government,19342.0
2022-23,2023,Northern Territory,NT,All,Total government,31482.0
2022-23,2023,Northern Territory,NT,Government,Australian Government,8533.0
2022-23,2023,Northern Territory,NT,Government,State and territory government,24209.0
2022-23,2023,Northern Territory,NT,Government,Total government,32742.0
2022-23,2023,Northern Territory,NT,Non-government,Australian Government,21998.0
2022-23,2023,Northern Territory,NT,Non-government,State and territory government,6042.0
2022-23,2023,Northern Territory,NT,Non-government,Total government,28040.0
2022-23,2023,Australian Capital Territory,ACT,All,Australian Government,5694.0
2022-23,2023,Australian Capital Territory,ACT,All,State and territory government,16139.0
2022-23,2023,Australian Capital Territory,ACT,All,Total government,21833.0
2022-23,2023,Australian Capital Territory,ACT,Government,Australian Government,3526.0
2022-23,2023,Australian Capital Territory,ACT,Government,State and territory government,25071.0
2022-23,2023,Australian Capital Territory,ACT,Government,Total government,28597.0
2022-23,2023,Australian Capital Territory,ACT,Non-government,Australian Government,9021.0
2022-23,2023,Australian Capital Territory,ACT,Non-government,State and territory government,2424.0
2022-23,2023,Australian Capital Territory,ACT,Non-government,Total government,11446.0
2022-23,2023,Australia,Aust,All,Australian Government,6985.0
2022-23,2023,Australia,Aust,All,State and territory government,15183.0
2022-23,2023,Australia,Aust,All,Total government,22168.0
2022-23,2023,Australia,Aust,Government,Australian Government,4162.0
2022-23,2023,Australia,Aust,Government,State and territory government,21870.0
2022-23,2023,Australia,Aust,Government,Total government,26032.0
2022-23,2023,Australia,Aust,Non-government,Australian Government,12041.0
2022-23,2023,Australia,Aust,Non-government,State and territory government,3206.0
2022-23,2023,Australia,Aust,Non-government,Total government,15247.0
2023-24,2024,New South Wales,NSW,All,Australian Government,6973.0
2023-24,2024,New South Wales,NSW,All,State and territory government,16052.0
2023-24,2024,New South Wales,NSW,All,Total government,23026.0
2023-24,2024,New South Wales,NSW,Government,Australian Government,4228.0
2023-24,2024,New South Wales,NSW,Government,State and territory government,23725.0
2023-24,2024,New South Wales,NSW,Government,Total government,27953.0
2023-24,2024,New South Wales,NSW,Non-government,Australian Government,11560.0
2023-24,2024,New South Wales,NSW,Non-government,State and territory government,3234.0
2023-24,2024,New South Wales,NSW,Non-government,Total government,14794.0
2023-24,2024,Victoria,Vic,All,Australian Government,7011.0
2023-24,2024,Victoria,Vic,All,State and territory government,13703.0
2023-24,2024,Victoria,Vic,All,Total government,20715.0
2023-24,2024,Victoria,Vic,Government,Australian Government,4130.0
2023-24,2024,Victoria,Vic,Government,State and territory government,20125.0
2023-24,2024,Victoria,Vic,Government,Total government,24255.0
2023-24,2024,Victoria,Vic,Non-government,Australian Government,11962.0
2023-24,2024,Victoria,Vic,Non-government,State and territory government,2669.0
2023-24,2024,Victoria,Vic,Non-government,Total government,14631.0
2023-24,2024,Queensland,Qld,All,Australian Government,7249.0
2023-24,2024,Queensland,Qld,All,State and territory government,15403.0
2023-24,2024,Queensland,Qld,All,Total government,22652.0
2023-24,2024,Queensland,Qld,Government,Australian Government,4396.0
2023-24,2024,Queensland,Qld,Government,State and territory government,21876.0
2023-24,2024,Queensland,Qld,Government,Total government,26272.0
2023-24,2024,Queensland,Qld,Non-government,Australian Government,12450.0
2023-24,2024,Queensland,Qld,Non-government,State and territory government,3606.0
2023-24,2024,Queensland,Qld,Non-government,Total government,16055.0
2023-24,2024,South Australia,SA,All,Australian Government,7662.0
2023-24,2024,South Australia,SA,All,State and territory government,13862.0
2023-24,2024,South Australia,SA,All,Total government,21524.0
2023-24,2024,South Australia,SA,Government,Australian Government,4353.0
2023-24,2024,South Australia,SA,Government,State and territory government,20297.0
2023-24,2024,South Australia,SA,Government,Total government,24650.0
2023-24,2024,South Australia,SA,Non-government,Australian Government,13042.0
2023-24,2024,South Australia,SA,Non-government,State and territory government,3402.0
2023-24,2024,South Australia,SA,Non-government,Total government,16444.0
2023-24,2024,Western Australia,WA,All,Australian Government,6690.0
2023-24,2024,Western Australia,WA,All,State and territory government,14811.0
2023-24,2024,Western Australia,WA,All,Total government,21500.0
2023-24,2024,Western Australia,WA,Government,Australian Government,4078.0
2023-24,2024,Western Australia,WA,Government,State and territory government,20632.0
2023-24,2024,Western Australia,WA,Government,Total government,24709.0
2023-24,2024,Western Australia,WA,Non-government,Australian Government,11804.0
2023-24,2024,Western Australia,WA,Non-government,State and territory government,3414.0
2023-24,2024,Western Australia,WA,Non-government,Total government,15218.0
2023-24,2024,Tasmania,Tas,All,Australian Government,8085.0
2023-24,2024,Tasmania,Tas,All,State and territory government,16806.0
2023-24,2024,Tasmania,Tas,All,Total government,24891.0
2023-24,2024,Tasmania,Tas,Government,Australian Government,4619.0
2023-24,2024,Tasmania,Tas,Government,State and territory government,23356.0
2023-24,2024,Tasmania,Tas,Government,Total government,27975.0
2023-24,2024,Tasmania,Tas,Non-government,Australian Government,14984.0
2023-24,2024,Tasmania,Tas,Non-government,State and territory government,3770.0
2023-24,2024,Tasmania,Tas,Non-government,Total government,18754.0
2023-24,2024,Northern Territory,NT,All,Australian Government,12191.0
2023-24,2024,Northern Territory,NT,All,State and territory government,18654.0
2023-24,2024,Northern Territory,NT,All,Total government,30845.0
2023-24,2024,Northern Territory,NT,Government,Australian Government,8787.0
2023-24,2024,Northern Territory,NT,Government,State and territory government,23435.0
2023-24,2024,Northern Territory,NT,Government,Total government,32223.0
2023-24,2024,Northern Territory,NT,Non-government,Australian Government,21193.0
2023-24,2024,Northern Territory,NT,Non-government,State and territory government,6006.0
2023-24,2024,Northern Territory,NT,Non-government,Total government,27199.0
2023-24,2024,Australian Capital Territory,ACT,All,Australian Government,5652.0
2023-24,2024,Australian Capital Territory,ACT,All,State and territory government,16549.0
2023-24,2024,Australian Capital Territory,ACT,All,Total government,22200.0
2023-24,2024,Australian Capital Territory,ACT,Government,Australian Government,3562.0
2023-24,2024,Australian Capital Territory,ACT,Government,State and territory government,26073.0
2023-24,2024,Australian Capital Territory,ACT,Government,Total government,29635.0
2023-24,2024,Australian Capital Territory,ACT,Non-government,Australian Government,8778.0
2023-24,2024,Australian Capital Territory,ACT,Non-government,State and territory government,2298.0
2023-24,2024,Australian Capital Territory,ACT,Non-government,Total government,11076.0
2023-24,2024,Australia,Aust,All,Australian Government,7105.0
2023-24,2024,Australia,Aust,All,State and territory government,15079.0
2023-24,2024,Australia,Aust,All,Total government,22185.0
2023-24,2024,Australia,Aust,Government,Australian Government,4277.0
2023-24,2024,Australia,Aust,Government,State and territory government,21862.0
2023-24,2024,Australia,Aust,Government,Total government,26140.0
2023-24,2024,Australia,Aust,Non-government,Australian Government,12055.0
2023-24,2024,Australia,Aust,Non-government,State and territory government,3207.0
2023-24,2024,Australia,Aust,Non-government,Total government,15262.0
