year,state,state_abbr,sector,source,source_group,total_aud,per_student_aud
2009,Australia,Aust,Catholic,Australian Government,Government,3791751293,5768
2009,Australia,Aust,Catholic,Fees and parent contributions,Private,1514019892,2303
2009,Australia,Aust,Catholic,Other private sources,Private,380956110,579
2009,Australia,Aust,Catholic,State and territory government,Government,1285844744,1956
2009,Australia,Aust,Catholic,Total gross income,Total,6972572039,10606
2009,Australia,Aust,Government,Australian Government,Government,3648002726,1604
2009,Australia,Aust,Government,Fees and parent contributions,Private,922512671,406
2009,Australia,Aust,Government,Other private sources,Private,547120105,241
2009,Australia,Aust,Government,State and territory government,Government,20422450164,8979
2009,Australia,Aust,Government,Total gross income,Total,25540085665,11229
2009,Australia,Aust,Independent,Australian Government,Government,2435021602,4579
2009,Australia,Aust,Independent,Fees and parent contributions,Private,4253834074,7999
2009,Australia,Aust,Independent,Other private sources,Private,501437915,943
2009,Australia,Aust,Independent,State and territory government,Government,930363927,1750
2009,Australia,Aust,Independent,Total gross income,Total,8120657518,15270
2010,Australia,Aust,Catholic,Australian Government,Government,4140591237,6220
2010,Australia,Aust,Catholic,Fees and parent contributions,Private,1625940912,2443
2010,Australia,Aust,Catholic,Other private sources,Private,357628873,537
2010,Australia,Aust,Catholic,State and territory government,Government,1367643099,2055
2010,Australia,Aust,Catholic,Total gross income,Total,7491804121,11255
2010,Australia,Aust,Government,Australian Government,Government,3799302528,1667
2010,Australia,Aust,Government,Fees and parent contributions,Private,971410402,426
2010,Australia,Aust,Government,Other private sources,Private,575717066,253
2010,Australia,Aust,Government,State and territory government,Government,20954979421,9195
2010,Australia,Aust,Government,Total gross income,Total,26301409416,11541
2010,Australia,Aust,Independent,Australian Government,Government,2646589807,4925
2010,Australia,Aust,Independent,Fees and parent contributions,Private,4562736825,8491
2010,Australia,Aust,Independent,Other private sources,Private,520606406,969
2010,Australia,Aust,Independent,State and territory government,Government,1000482523,1862
2010,Australia,Aust,Independent,Total gross income,Total,8730415561,16247
2011,Australia,Aust,Catholic,Australian Government,Government,4446606924,6576
2011,Australia,Aust,Catholic,Fees and parent contributions,Private,1766650060,2613
2011,Australia,Aust,Catholic,Other private sources,Private,397963736,589
2011,Australia,Aust,Catholic,State and territory government,Government,1512087479,2236
2011,Australia,Aust,Catholic,Total gross income,Total,8123308199,12014
2011,Australia,Aust,Government,Australian Government,Government,4049598547,1756
2011,Australia,Aust,Government,Fees and parent contributions,Private,970894671,421
2011,Australia,Aust,Government,Other private sources,Private,604868076,262
2011,Australia,Aust,Government,State and territory government,Government,22211437866,9633
2011,Australia,Aust,Government,Total gross income,Total,27836799161,12073
2011,Australia,Aust,Independent,Australian Government,Government,2859026004,5222
2011,Australia,Aust,Independent,Fees and parent contributions,Private,4887183565,8926
2011,Australia,Aust,Independent,Other private sources,Private,543503755,993
2011,Australia,Aust,Independent,State and territory government,Government,1076359858,1966
2011,Australia,Aust,Independent,Total gross income,Total,9366073182,17107
2012,Australia,Aust,Catholic,Australian Government,Government,4749620413,6908
2012,Australia,Aust,Catholic,Fees and parent contributions,Private,1909773936,2778
2012,Australia,Aust,Catholic,Other private sources,Private,388203515,565
2012,Australia,Aust,Catholic,State and territory government,Government,1597855514,2324
2012,Australia,Aust,Catholic,Total gross income,Total,8645453378,12575
2012,Australia,Aust,Government,Australian Government,Government,4538397754,1938
2012,Australia,Aust,Government,Fees and parent contributions,Private,1034243446,442
2012,Australia,Aust,Government,Other private sources,Private,604266672,258
2012,Australia,Aust,Government,State and territory government,Government,22860122713,9764
2012,Australia,Aust,Government,Total gross income,Total,29037030586,12403
2012,Australia,Aust,Independent,Australian Government,Government,3044240501,5457
2012,Australia,Aust,Independent,Fees and parent contributions,Private,5205748996,9331
2012,Australia,Aust,Independent,Other private sources,Private,624760880,1120
2012,Australia,Aust,Independent,State and territory government,Government,1130188282,2026
2012,Australia,Aust,Independent,Total gross income,Total,10004938660,17934
2013,Australia,Aust,Catholic,Australian Government,Government,5043855430,7216
2013,Australia,Aust,Catholic,Fees and parent contributions,Private,2068805636,2960
2013,Australia,Aust,Catholic,Other private sources,Private,413243884,591
2013,Australia,Aust,Catholic,State and territory government,Government,1626565219,2327
2013,Australia,Aust,Catholic,Total gross income,Total,9152470169,13094
2013,Australia,Aust,Government,Australian Government,Government,4669681000,1965
2013,Australia,Aust,Government,Fees and parent contributions,Private,1093227874,460
2013,Australia,Aust,Government,Other private sources,Private,595849448,251
2013,Australia,Aust,Government,State and territory government,Government,23530121606,9901
2013,Australia,Aust,Government,Total gross income,Total,29888879928,12576
2013,Australia,Aust,Independent,Australian Government,Government,3274444210,5751
2013,Australia,Aust,Independent,Fees and parent contributions,Private,5548525377,9746
2013,Australia,Aust,Independent,Other private sources,Private,585375314,1028
2013,Australia,Aust,Independent,State and territory government,Government,1171417297,2058
2013,Australia,Aust,Independent,Total gross income,Total,10579762198,18583
2014,Australia,Aust,Catholic,Australian Government,Government,5430614199,7671
2014,Australia,Aust,Catholic,Fees and parent contributions,Private,2216313068,3131
2014,Australia,Aust,Catholic,Other private sources,Private,400866741,566
2014,Australia,Aust,Catholic,State and territory government,Government,1688340338,2385
2014,Australia,Aust,Catholic,Total gross income,Total,9736134346,13754
2014,Australia,Aust,Government,Australian Government,Government,5157041760,2139
2014,Australia,Aust,Government,Fees and parent contributions,Private,1146866003,476
2014,Australia,Aust,Government,Other private sources,Private,570554596,237
2014,Australia,Aust,Government,State and territory government,Government,23990182578,9949
2014,Australia,Aust,Government,Total gross income,Total,30864644936,12801
2014,Australia,Aust,Independent,Australian Government,Government,3573880701,6174
2014,Australia,Aust,Independent,Fees and parent contributions,Private,5888973241,10173
2014,Australia,Aust,Independent,Other private sources,Private,656203765,1134
2014,Australia,Aust,Independent,State and territory government,Government,1227510633,2120
2014,Australia,Aust,Independent,Total gross income,Total,11346568341,19601
2015,Australia,Aust,Catholic,Australian Government,Government,5737925576,8024
2015,Australia,Aust,Catholic,Fees and parent contributions,Private,2381432978,3330
2015,Australia,Aust,Catholic,Other private sources,Private,414662460,580
2015,Australia,Aust,Catholic,State and territory government,Government,1751206129,2449
2015,Australia,Aust,Catholic,Total gross income,Total,10285227143,14383
2015,Australia,Aust,Government,Australian Government,Government,5599130268,2285
2015,Australia,Aust,Government,Fees and parent contributions,Private,1247688307,509
2015,Australia,Aust,Government,Other private sources,Private,594743911,243
2015,Australia,Aust,Government,State and territory government,Government,24886906585,10157
2015,Australia,Aust,Government,Total gross income,Total,32328469071,13195
2015,Australia,Aust,Independent,Australian Government,Government,3840576306,6513
2015,Australia,Aust,Independent,Fees and parent contributions,Private,6257043537,10612
2015,Australia,Aust,Independent,Other private sources,Private,613243257,1040
2015,Australia,Aust,Independent,State and territory government,Government,1309114732,2220
2015,Australia,Aust,Independent,Total gross income,Total,12019977832,20385
2016,Australia,Aust,Catholic,Australian Government,Government,6057493003,8454
2016,Australia,Aust,Catholic,Fees and parent contributions,Private,2508998084,3502
2016,Australia,Aust,Catholic,Other private sources,Private,377542358,527
2016,Australia,Aust,Catholic,State and territory government,Government,1796077494,2507
2016,Australia,Aust,Catholic,Total gross income,Total,10740110940,14989
2016,Australia,Aust,Government,Australian Government,Government,6111075394,2455
2016,Australia,Aust,Government,Fees and parent contributions,Private,1207911324,485
2016,Australia,Aust,Government,Other private sources,Private,594159893,239
2016,Australia,Aust,Government,State and territory government,Government,26303968524,10568
2016,Australia,Aust,Government,Total gross income,Total,34217115135,13747
2016,Australia,Aust,Independent,Australian Government,Government,4103864069,6806
2016,Australia,Aust,Independent,Fees and parent contributions,Private,6581899253,10915
2016,Australia,Aust,Independent,Other private sources,Private,652131516,1081
2016,Australia,Aust,Independent,State and territory government,Government,1356760383,2250
2016,Australia,Aust,Independent,Total gross income,Total,12694655221,21052
2017,Australia,Aust,Catholic,Australian Government,Government,6386603669,8914
2017,Australia,Aust,Catholic,Fees and parent contributions,Private,2616798587,3652
2017,Australia,Aust,Catholic,Other private sources,Private,385295129,538
2017,Australia,Aust,Catholic,State and territory government,Government,1863879097,2602
2017,Australia,Aust,Catholic,Total gross income,Total,11252576482,15706
2017,Australia,Aust,Government,Australian Government,Government,6974188067,2753
2017,Australia,Aust,Government,Fees and parent contributions,Private,1282552465,506
2017,Australia,Aust,Government,Other private sources,Private,669910436,264
2017,Australia,Aust,Government,State and territory government,Government,27089093642,10692
2017,Australia,Aust,Government,Total gross income,Total,36015744611,14215
2017,Australia,Aust,Independent,Australian Government,Government,4461054207,7273
2017,Australia,Aust,Independent,Fees and parent contributions,Private,6905030210,11258
2017,Australia,Aust,Independent,Other private sources,Private,725270532,1182
2017,Australia,Aust,Independent,State and territory government,Government,1438077922,2345
2017,Australia,Aust,Independent,Total gross income,Total,13529432871,22057
2018,Australia,Aust,Catholic,Australian Government,Government,6705297502,9376
2018,Australia,Aust,Catholic,Fees and parent contributions,Private,2699439783,3775
2018,Australia,Aust,Catholic,Other private sources,Private,393632773,550
2018,Australia,Aust,Catholic,State and territory government,Government,1910743637,2672
2018,Australia,Aust,Catholic,Total gross income,Total,11709113695,16373
2018,Australia,Aust,Government,Australian Government,Government,7510627000,2920
2018,Australia,Aust,Government,Fees and parent contributions,Private,1261402142,490
2018,Australia,Aust,Government,Other private sources,Private,672069461,261
2018,Australia,Aust,Government,State and territory government,Government,28984135397,11269
2018,Australia,Aust,Government,Total gross income,Total,38428234000,14940
2018,Australia,Aust,Independent,Australian Government,Government,4793969344,7625
2018,Australia,Aust,Independent,Fees and parent contributions,Private,7234170619,11507
2018,Australia,Aust,Independent,Other private sources,Private,689091431,1096
2018,Australia,Aust,Independent,State and territory government,Government,1527233615,2429
2018,Australia,Aust,Independent,Total gross income,Total,14244465009,22657
2019,Australia,Aust,Catholic,Australian Government,Government,7142765963,9935
2019,Australia,Aust,Catholic,Fees and parent contributions,Private,2817121233,3918
2019,Australia,Aust,Catholic,Other private sources,Private,375211152,522
2019,Australia,Aust,Catholic,State and territory government,Government,1978463249,2752
2019,Australia,Aust,Catholic,Total gross income,Total,12313561597,17127
2019,Australia,Aust,Government,Australian Government,Government,8022734108,3075
2019,Australia,Aust,Government,Fees and parent contributions,Private,1272052386,488
2019,Australia,Aust,Government,Other private sources,Private,694321151,266
2019,Australia,Aust,Government,State and territory government,Government,30503421944,11691
2019,Australia,Aust,Government,Total gross income,Total,40492529590,15520
2019,Australia,Aust,Independent,Australian Government,Government,5245613420,8148
2019,Australia,Aust,Independent,Fees and parent contributions,Private,7569617520,11758
2019,Australia,Aust,Independent,Other private sources,Private,755400770,1173
2019,Australia,Aust,Independent,State and territory government,Government,1594019891,2476
2019,Australia,Aust,Independent,Total gross income,Total,15164651601,23556
2020,Australia,Aust,Catholic,Australian Government,Government,7848357972,10791
2020,Australia,Aust,Catholic,Fees and parent contributions,Private,2733378114,3758
2020,Australia,Aust,Catholic,Other private sources,Private,317089636,436
2020,Australia,Aust,Catholic,State and territory government,Government,2056052417,2827
2020,Australia,Aust,Catholic,Total gross income,Total,12954878139,17812
2020,Australia,Aust,Government,Australian Government,Government,8677821122,3282
2020,Australia,Aust,Government,Fees and parent contributions,Private,812311916,307
2020,Australia,Aust,Government,Other private sources,Private,536054575,203
2020,Australia,Aust,Government,State and territory government,Government,32354898723,12238
2020,Australia,Aust,Government,Total gross income,Total,42381086336,16030
2020,Australia,Aust,Independent,Australian Government,Government,6366024822,9695
2020,Australia,Aust,Independent,Fees and parent contributions,Private,7355453920,11202
2020,Australia,Aust,Independent,Other private sources,Private,606171169,923
2020,Australia,Aust,Independent,State and territory government,Government,1643059341,2502
2020,Australia,Aust,Independent,Total gross income,Total,15970709252,24323
2021,Australia,Aust,Catholic,Australian Government,Government,8327502368,11321
2021,Australia,Aust,Catholic,Fees and parent contributions,Private,2891471447,3931
2021,Australia,Aust,Catholic,Other private sources,Private,309272094,420
2021,Australia,Aust,Catholic,State and territory government,Government,2207184586,3001
2021,Australia,Aust,Catholic,Total gross income,Total,13735430495,18673
2021,Australia,Aust,Government,Australian Government,Government,9221467675,3496
2021,Australia,Aust,Government,Fees and parent contributions,Private,889036474,337
2021,Australia,Aust,Government,Other private sources,Private,599864821,227
2021,Australia,Aust,Government,State and territory government,Government,33438189470,12678
2021,Australia,Aust,Government,Total gross income,Total,44148558440,16739
2021,Australia,Aust,Independent,Australian Government,Government,6272425984,9214
2021,Australia,Aust,Independent,Fees and parent contributions,Private,7829474783,11502
2021,Australia,Aust,Independent,Other private sources,Private,767496242,1127
2021,Australia,Aust,Independent,State and territory government,Government,1792916946,2634
2021,Australia,Aust,Independent,Total gross income,Total,16662313955,24477
2022,Australia,Aust,Catholic,Australian Government,Government,8915598186,11993
2022,Australia,Aust,Catholic,Fees and parent contributions,Private,3109738342,4183
2022,Australia,Aust,Catholic,Other private sources,Private,355349798,478
2022,Australia,Aust,Catholic,State and territory government,Government,2294591702,3087
2022,Australia,Aust,Catholic,Total gross income,Total,14675278028,19741
2022,Australia,Aust,Government,Australian Government,Government,9814504817,3746
2022,Australia,Aust,Government,Fees and parent contributions,Private,1072040941,409
2022,Australia,Aust,Government,Other private sources,Private,659943528,252
2022,Australia,Aust,Government,State and territory government,Government,35809697544,13669
2022,Australia,Aust,Government,Total gross income,Total,47356186830,18076
2022,Australia,Aust,Independent,Australian Government,Government,6908108722,9814
2022,Australia,Aust,Independent,Fees and parent contributions,Private,8469582463,12033
2022,Australia,Aust,Independent,Other private sources,Private,797422242,1133
2022,Australia,Aust,Independent,State and territory government,Government,1871833523,2659
2022,Australia,Aust,Independent,Total gross income,Total,18046946950,25639
2023,Australia,Aust,Catholic,Australian Government,Government,9608101004,12751
2023,Australia,Aust,Catholic,Fees and parent contributions,Private,3320658335,4407
2023,Australia,Aust,Catholic,Other private sources,Private,577151472,766
2023,Australia,Aust,Catholic,State and territory government,Government,2401663235,3187
2023,Australia,Aust,Catholic,Total gross income,Total,15907574046,21111
2023,Australia,Aust,Government,Australian Government,Government,10705163021,4074
2023,Australia,Aust,Government,Fees and parent contributions,Private,1222157681,465
2023,Australia,Aust,Government,Other private sources,Private,772561146,294
2023,Australia,Aust,Government,State and territory government,Government,38349314839,14595
2023,Australia,Aust,Government,Total gross income,Total,51049196687,19428
2023,Australia,Aust,Independent,Australian Government,Government,7685768730,10539
2023,Australia,Aust,Independent,Fees and parent contributions,Private,9229657065,12656
2023,Australia,Aust,Independent,Other private sources,Private,973899768,1335
2023,Australia,Aust,Independent,State and territory government,Government,1995917282,2737
2023,Australia,Aust,Independent,Total gross income,Total,19885242845,27267
2024,Australia,Aust,Catholic,Australian Government,Government,10208964006,13321
2024,Australia,Aust,Catholic,Fees and parent contributions,Private,3566417779,4653
2024,Australia,Aust,Catholic,Other private sources,Private,631363796,824
2024,Australia,Aust,Catholic,State and territory government,Government,2505289094,3269
2024,Australia,Aust,Catholic,Total gross income,Total,16912034675,22067
2024,Australia,Aust,Government,Australian Government,Government,11265809441,4279
2024,Australia,Aust,Government,Fees and parent contributions,Private,1295730678,492
2024,Australia,Aust,Government,Other private sources,Private,820705209,312
2024,Australia,Aust,Government,State and territory government,Government,40240584768,15285
2024,Australia,Aust,Government,Total gross income,Total,53622830096,20368
2024,Australia,Aust,Independent,Australian Government,Government,8345196476,11011
2024,Australia,Aust,Independent,Fees and parent contributions,Private,10111122614,13341
2024,Australia,Aust,Independent,Other private sources,Private,1118392924,1476
2024,Australia,Aust,Independent,State and territory government,Government,2133813351,2815
2024,Australia,Aust,Independent,Total gross income,Total,21708525365,28642
